<?xml version="1.0" encoding="UTF-8" ?>
<Rating>
  <row>
    <ratedSeries>
      <genre>Drama</genre>
      <numberOfSeasons>3</numberOfSeasons>
      <seenBy>
        <password>password</password>
        <username>Detijon</username>
      </seenBy>
      <seenBy>
        <password>password</password>
        <username>Schehat</username>
      </seenBy>
      <streamedBy>Netflix</streamedBy>
      <title>Dark</title>
    </ratedSeries>
    <ratingUser>
      <password>password</password>
      <username>Schehat</username>
    </ratingUser>
    <remark>Schehat</remark>
    <score>bad</score>
  </row>
  <row>
    <ratedSeries>
      <genre>ScienceFiction</genre>
      <numberOfSeasons>7</numberOfSeasons>
      <seenBy>
        <password>password</password>
        <username>Detijon</username>
      </seenBy>
      <seenBy>
        <password>password</password>
        <username>Schehat</username>
      </seenBy>
      <streamedBy>AmazonPrime</streamedBy>
      <title>Breaking Bad</title>
    </ratedSeries>
    <ratingUser>
      <password>password</password>
      <username>Schehat</username>
    </ratingUser>
    <remark>Schehat</remark>
    <score>very_good</score>
  </row>
  <row>
    <ratedSeries>
      <genre>Thriller</genre>
      <numberOfSeasons>10</numberOfSeasons>
      <seenBy>
        <password>password</password>
        <username>Detijon</username>
      </seenBy>
      <seenBy>
        <password>password</password>
        <username>Schehat</username>
      </seenBy>
      <streamedBy>Sky</streamedBy>
      <title>Game Of Thrones</title>
    </ratedSeries>
    <ratingUser>
      <password>password</password>
      <username>Schehat</username>
    </ratingUser>
    <remark>Schehat</remark>
    <score>very_good</score>
  </row>
  <row>
    <ratedSeries>
      <genre>Drama</genre>
      <numberOfSeasons>10</numberOfSeasons>
      <seenBy>
        <password>password</password>
        <username>Schehat</username>
      </seenBy>
      <streamedBy>Netflix</streamedBy>
      <title>Narcos</title>
    </ratedSeries>
    <ratingUser>
      <password>password</password>
      <username>Schehat</username>
    </ratingUser>
    <remark>Schehat</remark>
    <score>very_good</score>
  </row>
</Rating>