{
    "ratedSeries": {
        "genre": "Drama",
        "numberOfSeasons": 3,
        "seenBy": [
            {
                "password": "password",
                "username": "Detijon"
            },
            {
                "password": "password",
                "username": "Schehat"
            }
        ],
        "streamedBy": "Netflix",
        "title": "Dark"
    },
    "ratingUser": {
        "password": "password",
        "username": "Schehat"
    },
    "remark": "Schehat",
    "score": "bad"
}